<changelog><commit>
					<time>1493845022</time>
					<sha1>e302454fd6d1a0edea42748bebd4fa862d7d8457</sha1>
					<author>Omar Hedeya</author>
					<branches>refs/heads/master</branches>
					<msg>Before Merge2</msg>
				</commit><commit>
					<time>1493844917</time>
					<sha1>819f625a9ce52f4938e33ecd77695e9b1d5c9066</sha1>
					<author>Omar Hedeya</author>
					<branches>refs/heads/master</branches>
					<msg>Before Merge</msg>
				</commit><commit>
					<time>1493844739</time>
					<sha1>fdb338300ae307b33fdb34a4e61aa22761860f0d</sha1>
					<author>Omar Hedeya</author>
					<branches>refs/heads/master,refs/heads/RotateImageTest</branches>
					<msg>FINAL AFTER PATCH</msg>
				</commit><commit>
					<time>1493844626</time>
					<sha1>f6103153c4add02b135b8cd5ea2e6cf448557bb7</sha1>
					<author>Omar Hedeya</author>
					<branches>refs/heads/master,refs/heads/RotateImageTest</branches>
					<msg>after 180 degree error was solved</msg>
				</commit><commit>
					<time>1493844576</time>
					<sha1>43e101121b75aeb288f1809cea82da87fec95285</sha1>
					<author>Omar Hedeya</author>
					<branches>refs/heads/master,refs/heads/RotateImageTest</branches>
					<msg>before 180 degree error was solved</msg>
				</commit><commit>
					<time>1493844068</time>
					<sha1>bb6561f406b9e274fb1afd5c4bc4c71cc22ec59f</sha1>
					<author>Omar Hedeya</author>
					<branches>refs/heads/master,refs/heads/RotateImageTest</branches>
					<msg>Final Branch Name</msg>
				</commit><commit>
					<time>1493843549</time>
					<sha1>896c111dc8e515f5dd78f88657e271c73dd24f69</sha1>
					<author>Omar Hedeya</author>
					<branches>refs/heads/master,refs/heads/RotateImageTest3,refs/heads/RotateImageTest</branches>
					<msg>FINAL</msg>
				</commit><commit>
					<time>1493843068</time>
					<sha1>62471cc6990aea553e13f8817080be1ec73b46db</sha1>
					<author>Omar Hedeya</author>
					<branches>refs/heads/master,refs/heads/RotateImageTest3,refs/heads/RotateImageTest</branches>
					<msg>180 degree error solved</msg>
				</commit><commit>
					<time>1493842918</time>
					<sha1>c0c5a92c55fcfeb21c85e2690ab267a2f6937492</sha1>
					<author>Omar Hedeya</author>
					<branches>refs/heads/master,refs/heads/RotateImageTest3,refs/heads/RotateImageTest</branches>
					<msg>before 180 degree error was solved</msg>
				</commit><commit>
					<time>1493838114</time>
					<sha1>c5634efc656e68a880f3a631eef727777cf9dfcd</sha1>
					<author>Omar Hedeya</author>
					<branches></branches>
					<msg>Finding the head</msg>
				</commit><commit>
					<time>1493837260</time>
					<sha1>e6ce5745a356f21303ad5f170ed9248b886ed710</sha1>
					<author>Omar Hedeya</author>
					<branches>refs/heads/master,refs/heads/RotateImageTest3,refs/heads/RotateImageTest</branches>
					<msg>going back</msg>
				</commit><commit>
					<time>1493837162</time>
					<sha1>a59cac26fc7d314141dc30a8a90b6aa6c30f6244</sha1>
					<author>Omar Hedeya</author>
					<branches></branches>
					<msg>WIP on master: 48f61f9 final adjustment to A1</msg>
				</commit><commit>
					<time>1493837162</time>
					<sha1>9dc4269dc33df6cf8457efcebb413f5d00adeaa1</sha1>
					<author>Omar Hedeya</author>
					<branches></branches>
					<msg>index on master: 48f61f9 final adjustment to A1</msg>
				</commit><commit>
					<time>1493813763</time>
					<sha1>ef5b475e81fef22062b2f7d451383d704585c2fa</sha1>
					<author>Omar Hedeya</author>
					<branches></branches>
					<msg>Test class addedd along with method setUp()</msg>
				</commit><commit>
					<time>1493809745</time>
					<sha1>48f61f908694b0b5ae0e85a4729962156868bc2d</sha1>
					<author>Omar Hedeya</author>
					<branches>refs/heads/master,refs/heads/RotateImageTest3,refs/heads/RotateImageTest</branches>
					<msg>final adjustment to A1</msg>
				</commit><commit>
					<time>1493566914</time>
					<sha1>0bd56468f3d4516419373f56a50820b47daa8549</sha1>
					<author>Omar Hedeya</author>
					<branches>refs/heads/master,refs/heads/RotateImageTest3,refs/heads/RotateImageTest</branches>
					<msg>final</msg>
				</commit><commit>
					<time>1493565979</time>
					<sha1>828456a6b095721227e346cc013ee4bcfa8398c4</sha1>
					<author>Omar Hedeya</author>
					<branches>refs/heads/master,refs/heads/RotateImageTest3,refs/heads/RotateImageTest</branches>
					<msg>new try</msg>
				</commit><commit>
					<time>1493563923</time>
					<sha1>01ebe567abb08f685baffb447d91a20774cf043c</sha1>
					<author>Omar Hedeya</author>
					<branches>refs/heads/master,refs/heads/RotateImageTest3,refs/heads/RotateImageTest</branches>
					<msg>final version</msg>
				</commit><commit>
					<time>1493563050</time>
					<sha1>934895ab25e87c86cecd2036b7e9d42acc0d5e64</sha1>
					<author>Omar Hedeya</author>
					<branches>refs/heads/master,refs/heads/RotateImageTest3,refs/heads/RotateImageTest</branches>
					<msg>warnings managed</msg>
				</commit><commit>
					<time>1493561941</time>
					<sha1>3a63fd94c520bd39c39a3269c6f864513261dfcc</sha1>
					<author>Omar Hedeya</author>
					<branches>refs/heads/master,refs/heads/RotateImageTest3,refs/heads/RotateImageTest</branches>
					<msg>before correction</msg>
				</commit><commit>
					<time>1493556844</time>
					<sha1>bb64c24e7917fb7f08c0ae64b9468b9df07420b0</sha1>
					<author>Omar Hedeya</author>
					<branches>refs/heads/master,refs/heads/RotateImageTest3,refs/heads/RotateImageTest</branches>
					<msg>first commit</msg>
				</commit></changelog>